<?xml version="1.0" encoding="UTF-8"?>
<project-private xmlns="http://www.netbeans.org/ns/project-private/1">
    <editor-bookmarks xmlns="http://www.netbeans.org/ns/editor-bookmarks/2" lastBookmarkId="0"/>
    <open-files xmlns="http://www.netbeans.org/ns/projectui-open-files/2">
        <group>
            <file>file:/C:/Users/Anish.Riya-PC/Documents/NetBeansProjects/culminating/src/hello/millionaireframe.java</file>
            <file>file:/C:/Users/Anish.Riya-PC/Documents/NetBeansProjects/culminating/src/hello/image/Capture1.PNG</file>
        </group>
    </open-files>
</project-private>
